지역,Jan-06,Feb-06,Mar-06,Apr-06,May-06,Jun-06,Jul-06,Aug-06,Sep-06,Oct-06,Nov-06,Dec-06,Jan-07,Feb-07,Mar-07,Apr-07,May-07,Jun-07,Jul-07,Aug-07,Sep-07,Oct-07,Nov-07,Dec-07,Jan-08,Feb-08,Mar-08,Apr-08,May-08,Jun-08,Jul-08,Aug-08,Sep-08,Oct-08,Nov-08,Dec-08,Jan-09,Feb-09,Mar-09,Apr-09,May-09,Jun-09,Jul-09,Aug-09,Sep-09,Oct-09,Nov-09,Dec-09,Jan-10,Feb-10,Mar-10,Apr-10,May-10,Jun-10,Jul-10,Aug-10,Sep-10,Oct-10,Nov-10,Dec-10,Jan-11,Feb-11,Mar-11,Apr-11,May-11,Jun-11,Jul-11,Aug-11,Sep-11,Oct-11,Nov-11,Dec-11,Jan-12,Feb-12,Mar-12,Apr-12,May-12,Jun-12,Jul-12,Aug-12,Sep-12,Oct-12,Nov-12,Dec-12,Jan-13,Feb-13,Mar-13,Apr-13,May-13,Jun-13,Jul-13,Aug-13,Sep-13,Oct-13,Nov-13,Dec-13,Jan-14,Feb-14,Mar-14,Apr-14,May-14,Jun-14,Jul-14,Aug-14,Sep-14,Oct-14,Nov-14,Dec-14,Jan-15,Feb-15,Mar-15,Apr-15,May-15,Jun-15,Jul-15,Aug-15,Sep-15,Oct-15,Nov-15,Dec-15,Jan-16,Feb-16,Mar-16,Apr-16,May-16,Jun-16,Jul-16,Aug-16,Sep-16,Oct-16,Nov-16,Dec-16,Jan-17,Feb-17,Mar-17,Apr-17,May-17,Jun-17,Jul-17,Aug-17,Sep-17,Oct-17,Nov-17,Dec-17,Jan-18,Feb-18,Mar-18,Apr-18,May-18,Jun-18,Jul-18,Aug-18,Sep-18,Oct-18,Nov-18,Dec-18,Jan-19,Feb-19,Mar-19,Apr-19,May-19,Jun-19,Jul-19,Aug-19,Sep-19,Oct-19,Nov-19,Dec-19,Jan-20,Feb-20,Mar-20,Apr-20,May-20,Jun-20,Jul-20,Aug-20,Sep-20,Oct-20,Nov-20,Dec-20,Jan-21,Feb-21,Mar-21,Apr-21,May-21,Jun-21,Jul-21,Aug-21,Sep-21,Oct-21,Nov-21,Dec-21,Jan-22,Feb-22,Mar-22,Apr-22,May-22
전국,62.846,63.482,64.133,64.705,65.17,65.721,66.015,66.955,68.052,70.687,73.653,74.813,75.997,75.852,76.211,75.841,75.197,75.606,76.074,76.607,76.964,77.148,77.058,77.048,77.754,78.229,79.199,80.192,80.955,81.592,81.603,81.534,80.821,78.89,76.149,73.442,73.782,75.053,75.443,76.547,77.605,78.405,79.29,80.408,81.093,80.945,80.404,79.894,80.699,80.679,80.524,79.686,79.15,78.747,78.523,78.363,78.951,79.45,79.948,80.753,82.09,83.324,84.242,84.726,84.939,85.215,85.631,86.186,86.74,86.694,86.178,85.442,86.165,86.341,86.029,85.646,85.541,85.072,84.478,84.374,84.357,84.356,83.905,83.023,83.926,84.022,84.386,84.649,84.768,84.479,85.047,85.458,86.033,86.477,86.406,86.411,87.095,87.572,88.043,88.079,88.045,88.127,88.327,88.963,89.536,90.064,90.302,90.505,91.053,91.716,92.498,93.172,93.72,94.197,95.105,95.742,96.327,96.734,96.712,96.121,95.919,96.053,95.901,95.905,95.864,96.16,96.679,97.303,98.113,98.732,98.851,98.497,98.264,98.477,98.619,98.483,98.788,99.302,99.961,100.189,100.245,100.302,100,99.665,99.853,100.237,100.263,100.323,100.022,99.904,99.817,100.872,102.246,102.559,101.771,101,100.541,100.108,99.455,99.133,98.955,99.215,99.586,99.864,100.204,100.645,101.449,102.339,103.048,104.346,105.131,105.048,105.805,107.652,109.972,111.323,112.108,113.406,115.925,118.864,121.935,124.283,125.909,127.301,129.205,132.012,134.721,137.75,140.362,141.855,141.399,140.065,139.416,139.103,139.586,140.461,139.1
수도권,66.638,67.736,68.862,69.824,70.649,71.084,71.627,72.771,74.303,78.244,82.765,84.863,86.429,86.395,86.949,86.49,85.803,86.525,87.349,88.305,88.708,89.161,89.139,89.329,90.291,91.008,92.583,94.249,95.483,96.515,96.427,96.314,95.139,91.682,87.226,82.822,83.686,85.867,86.57,88.539,90.325,91.716,93.025,94.663,95.519,94.89,93.818,92.806,93.856,93.633,92.921,91.125,89.783,88.837,87.996,87.348,87.888,88.128,88.576,89.336,90.425,91.313,91.189,90.604,90.108,89.697,89.498,89.654,89.551,89.049,88.051,87.287,87.212,86.9,86.308,85.449,85.084,84.392,83.349,82.815,82.555,82.402,81.988,81.187,81.359,81.422,81.84,82.057,82.225,81.832,81.813,82.285,82.95,83.346,83.133,83.103,83.708,84.312,84.665,84.552,84.433,84.423,84.564,85.142,85.761,86.158,86.246,86.318,86.781,87.39,88.248,88.998,89.65,90.126,91.032,91.647,92.261,92.66,92.765,92.255,92.12,92.216,92.247,92.437,92.8,93.429,94.245,95.132,96.014,96.859,96.83,96.355,96.12,96.198,96.512,96.519,97.185,98.109,99.344,99.714,99.846,100.282,100,99.973,100.761,101.625,102.136,102.455,102.525,102.581,103.058,105.336,108.094,108.743,107.713,106.94,106.237,105.524,104.819,104.619,104.713,105.631,106.546,107.207,107.794,108.619,109.608,110.678,111.788,113.964,115.773,115.709,116.705,119.491,123.485,125.837,126.981,128.431,130.843,133.75,138.287,141.929,144.445,146.625,149.719,153.983,158.275,162.935,166.658,168.219,167.466,165.195,163.82,162.986,163.831,165.031,162.9
지방,59.695,59.71,59.688,59.679,59.592,60.374,60.338,60.985,61.296,61.537,61.941,61.868,62.883,62.904,63.309,63.296,62.881,62.949,63.043,63.121,63.522,63.526,63.51,63.363,63.923,64.23,64.544,64.764,65.01,65.299,65.628,65.821,65.864,65.856,65.101,64.3,64.098,64.466,64.616,64.821,65.157,65.364,65.856,66.473,67.093,67.605,67.741,67.847,68.536,68.824,69.339,69.499,69.779,69.932,70.32,70.639,71.305,72.077,72.649,73.52,75.087,76.634,78.455,79.842,80.644,81.483,82.397,83.272,84.351,84.661,84.519,83.792,85.14,85.684,85.574,85.549,85.634,85.324,85.063,85.279,85.439,85.539,85.044,84.088,85.53,85.637,85.954,86.245,86.32,86.094,87.096,87.473,88.004,88.485,88.509,88.538,89.291,89.686,90.247,90.385,90.407,90.555,90.798,91.504,92.06,92.688,93.036,93.339,93.971,94.7,95.469,96.105,96.596,97.096,98.032,98.706,99.29,99.722,99.604,98.946,98.694,98.86,98.577,98.457,98.127,98.196,98.509,98.946,99.721,100.174,100.409,100.147,99.909,100.229,100.239,100.002,100.043,100.244,100.457,100.568,100.567,100.313,100,99.415,99.119,99.11,98.737,98.579,97.966,97.703,97.148,97.186,97.393,97.422,96.836,96.067,95.813,95.615,95.004,94.58,94.172,93.881,93.794,93.749,93.882,93.997,94.645,95.381,95.747,96.291,96.201,96.106,96.663,97.695,98.588,99.095,99.591,100.789,103.439,106.416,108.251,109.514,110.402,111.149,112.066,113.671,115.07,116.761,118.477,119.961,119.788,119.261,119.239,119.385,119.601,120.24,119.6
6대광역시,57.592,57.567,57.532,57.597,57.611,58.014,58.094,58.641,59.152,59.881,61.081,61.803,63.084,63.25,63.935,63.907,63.815,64.128,64.576,65.076,65.639,66.066,66.118,66.081,66.806,66.969,67.806,68.696,69.288,70.14,70.602,70.868,70.821,69.685,68.009,66.568,66.102,66.493,66.554,66.994,67.523,67.923,68.526,69.218,69.872,70.14,69.865,69.678,70.332,70.348,70.596,70.291,70.081,70.054,70.07,70.077,70.653,71.121,71.665,72.426,73.66,75.109,76.462,77.524,78.034,78.612,79.25,79.655,80.431,80.451,80.06,79.443,80.116,80.632,80.426,80.238,80.246,80.056,79.444,79.318,79.603,79.633,79.151,78.506,79.489,79.519,79.848,80.143,80.173,80.111,80.843,81.274,81.847,82.413,82.63,82.655,83.352,83.791,84.312,84.522,84.546,84.56,84.994,85.493,86.206,86.911,87.35,87.818,88.569,89.454,90.515,91.34,92.216,92.938,94.086,94.901,95.771,96.304,96.227,95.616,95.517,95.443,95.452,95.215,95.231,95.356,95.817,96.534,97.549,98.469,98.822,98.675,98.562,98.863,99.059,99.029,99.236,99.672,100.176,100.52,100.418,100.306,100,99.581,99.488,99.549,99.454,99.517,99.109,98.905,98.536,99.07,99.486,99.874,99.362,98.897,98.821,98.705,98.25,98.061,97.589,97.519,97.588,97.735,98.043,98.399,99.527,100.513,101.068,101.973,102.517,102.467,103.197,104.386,105.424,105.973,106.65,108.217,111.728,115.306,117.805,119.415,120.788,122.108,123.696,126.309,128.593,130.989,132.974,134.704,134.177,132.691,132.293,132.504,132.351,132.741,131.7
5대광역시,56.322,56.177,55.987,55.85,55.683,56.042,56.073,56.504,56.949,57.277,57.707,57.717,58.564,58.623,59.077,58.778,58.142,58.188,58.31,58.372,58.607,58.579,58.306,58.22,58.649,58.726,59.061,59.281,59.268,59.254,59.349,59.336,59.258,58.951,58.296,57.654,57.216,57.656,57.692,58.009,58.425,58.732,59.222,59.889,60.642,61.138,61.222,61.485,62.054,62.337,62.853,62.951,63.175,63.303,63.531,63.907,64.523,65.222,65.973,66.905,68.441,70.143,71.911,73.43,74.286,75.172,76.086,76.669,77.685,77.876,77.632,77.058,77.959,78.594,78.453,78.347,78.457,78.379,77.877,77.82,78.277,78.391,77.946,77.312,78.469,78.566,78.887,79.25,79.294,79.302,80.166,80.519,81.149,81.772,82.036,82.067,82.797,83.151,83.695,83.912,83.995,84.036,84.463,85.056,85.799,86.516,87.098,87.594,88.376,89.346,90.423,91.24,92.112,92.935,94.115,94.975,95.883,96.477,96.379,95.734,95.563,95.435,95.445,95.145,95.122,95.212,95.644,96.361,97.402,98.284,98.742,98.686,98.576,98.919,99.12,99.091,99.28,99.736,100.207,100.547,100.379,100.222,100,99.511,99.371,99.465,99.385,99.609,99.118,98.928,98.514,99.043,99.514,99.942,99.501,98.906,98.838,98.735,98.284,98.07,97.618,97.495,97.58,97.71,98.066,98.426,99.786,100.938,101.445,102.122,102.145,101.915,102.43,103.503,104.578,105.319,106.041,107.993,112.072,116.047,118.392,119.856,120.711,121.551,122.566,124.605,126.165,127.672,129.12,130.69,130.003,128.913,128.572,128.548,128.465,128.908,128
8개도,62.947,63.111,63.26,63.384,63.377,64.562,64.449,65.305,65.491,65.66,66.049,65.899,67.074,67.05,67.401,67.663,67.459,67.548,67.612,67.708,68.273,68.314,68.548,68.343,69.032,69.564,69.868,70.09,70.587,71.164,71.707,72.089,72.235,72.507,71.65,70.691,70.715,71.019,71.287,71.397,71.671,71.792,72.299,72.889,73.391,73.925,74.115,74.063,74.876,75.169,75.683,75.9,76.232,76.406,76.951,77.216,77.932,78.781,79.179,79.989,81.587,82.974,84.841,86.09,86.834,87.621,88.531,89.692,90.828,91.254,91.209,90.326,92.11,92.56,92.477,92.528,92.586,92.048,92.023,92.506,92.378,92.468,91.925,90.654,92.373,92.491,92.807,93.029,93.137,92.683,93.823,94.225,94.656,95.004,94.795,94.819,95.595,96.031,96.61,96.671,96.632,96.887,96.953,97.771,98.15,98.693,98.814,98.933,99.421,99.914,100.383,100.847,100.963,101.148,101.847,102.341,102.612,102.885,102.751,102.079,101.76,102.213,101.646,101.705,101.076,101.125,101.321,101.488,102.004,102.032,102.05,101.588,101.23,101.529,101.356,100.918,100.814,100.762,100.704,100.584,100.759,100.396,100,99.319,98.867,98.751,98.078,97.54,96.803,96.475,95.781,95.327,95.254,94.897,94.16,93.217,92.789,92.514,91.747,91.122,90.761,90.304,90.044,89.828,89.744,89.606,89.528,89.853,90.066,90.425,90.202,90.259,90.854,91.795,92.389,92.491,92.668,93.133,94.249,96.252,97.63,98.754,99.746,100.49,101.337,102.596,103.936,105.928,107.96,109.454,109.891,109.994,110.362,110.689,111.262,112.164,111.7
서울,61.037,62.161,63.694,64.676,65.101,65.262,65.772,66.679,67.813,70.754,74.004,75.981,76.943,76.784,77.392,76.8,75.826,76.933,77.462,78.086,78.247,78.516,78.382,78.551,79.453,80.522,82.448,84.254,85.205,85.564,84.736,84.747,82.656,79.536,74.732,70.364,73.273,76.26,76.995,79.318,80.748,82.434,84.129,86.053,86.862,86.329,85.174,84.833,86.158,86.087,85.42,83.598,82.249,81.329,80.528,80.21,80.733,80.977,81.701,82.74,83.945,84.648,84.387,83.777,83.233,82.751,82.776,82.866,82.793,82.208,81.439,80.568,80.737,80.358,79.779,79.033,78.733,78.091,77.081,76.267,75.913,75.874,75.676,74.882,75.29,75.615,76.268,76.569,76.719,76.201,76.102,76.484,77.289,77.573,77.332,77.244,77.943,78.544,78.81,78.711,78.473,78.46,78.608,79.371,80.026,80.343,80.279,80.154,80.658,81.314,82.176,82.908,83.487,83.965,84.96,85.643,86.24,86.755,87.09,86.628,86.373,86.521,86.61,86.957,87.491,88.463,89.731,90.862,91.965,93.032,93.053,92.34,92.103,92.234,92.814,92.968,94.161,95.813,98.056,98.369,98.644,99.577,100,100.902,102.827,104.668,105.83,107.252,107.607,108.207,109.526,113.928,120.047,121.142,119.169,117.857,116.617,115.639,114.597,114.463,115.402,117.674,119.932,121.453,122.626,124.358,126.357,128.275,129.382,131.026,131.97,130.817,131.305,135.501,142.095,146.714,148.344,149.511,152.015,154.907,159.546,162.386,162.704,163.738,166.528,170.238,173.612,176.736,179.58,179.98,178.39,176.533,175.615,173.898,174.861,177.146,174.9
서울 도심권,58.77,57.747,60.035,59.398,61.21,60.933,63.227,64.798,66.266,68.772,71.327,71.205,72.609,71.1,72.732,73.754,73.51,73.877,74.996,77.97,77.242,80.36,79.917,79.732,79.458,80.654,81.905,83.853,84.623,84.679,83.849,87.552,79.961,77.341,79.855,73.64,74.303,76.476,77.251,79.613,81.309,82.492,83.944,86.016,87.12,87.427,87.492,85.903,87.577,87.848,87.457,85.755,83.87,82.41,83.44,81.571,82.961,82.401,82.094,82.87,84.509,85.64,85.869,85.478,84.309,83.777,84.666,83.35,83.613,83.167,83.17,82.474,81.432,81.807,81.523,80.757,80.113,80.368,79.066,79.174,78.269,77.914,78.53,77.099,77.967,76.377,79.078,78.397,78.633,77.737,76.811,77.658,78.214,77.529,77.895,77.596,78.081,78.274,78.616,78.36,79.22,78.662,78.85,79.548,79.037,79.527,80.563,80.508,81.433,81.73,82.76,83.232,83.764,84.238,85.312,86.28,86.238,87.437,87.637,87.158,87.021,87.236,87.946,87.887,87.855,88.845,89.169,90.679,91.239,92.025,92.779,91.364,92.468,91.529,92.645,92.767,93.064,95.875,97.744,96.883,98.924,99.192,100,100.548,103.066,105.815,108.622,108.968,109.847,111.573,114.281,118.025,120.205,119.425,117.621,119.643,118.918,117.577,118.104,115.376,118.941,120.222,122.614,123.36,125.265,127.63,128.328,130.725,131.212,131.897,132.415,129.578,130.43,134.64,138.37,141.833,143.457,143.892,146.3,149.683,151.475,154.054,152.86,155.991,158.883,161.702,164.276,169.213,168.722,172.747,176.792,172.507,175.134,175.125,175.538,174.976,171.6
서울 동북권,59.075,59.482,59.779,59.843,59.984,60.496,60.606,61.326,61.985,64.131,68.32,72.479,74.889,74.99,75.915,75.975,75.359,76.172,77.072,77.824,78.314,78.872,79.173,79.511,81.19,83.152,87.283,91.401,93.412,93.94,94.375,93.651,91.495,87.967,84.016,79.423,80.933,82.837,83.147,84.623,86.072,88.124,90.055,91.55,92.748,91.753,90.41,89.874,90.721,90.54,89.776,88.247,86.574,85.278,84.289,83.71,84.497,84.789,85.261,86.123,87.556,88.299,88.18,87.699,86.934,86.724,86.863,87.004,86.915,86.633,85.988,84.985,85.197,84.441,83.861,83.207,82.738,81.886,80.786,80.457,80.062,80.153,79.786,78.701,79.269,79.514,80.108,80.09,80.188,79.785,79.699,80.195,81.16,81.506,81.164,81.127,81.681,82.255,82.289,82.27,81.703,81.757,82.101,82.776,83.316,83.591,83.592,83.328,83.953,84.479,85.276,85.954,86.458,86.861,87.961,88.617,89.32,89.779,90.099,89.445,89.363,89.475,89.442,89.577,89.671,90.252,91.228,92.106,93.185,93.952,94.24,93.929,93.193,93.33,93.562,93.825,94.597,95.945,98.396,99.033,98.975,99.809,100,100.286,101.388,103.164,104.413,105.876,105.985,106.567,107.657,111.46,118.733,121.564,119.481,118.985,118.095,117.273,116.609,116.164,116.543,118.202,120.004,121.241,122.231,123.727,125.445,127.467,129.461,132.093,134.147,133.641,134.571,138.486,147.231,153.664,155.293,156.807,159.731,162.937,168.028,171.947,173.05,174.245,176.963,181.131,185.44,187.728,190.623,190.632,187.615,185.933,184.697,179.53,183.413,186.175,181.3
서울 서북권,56.506,56.527,57.243,57.589,58.322,59.086,59.704,60.279,61.805,64.101,66.464,67.566,68.247,68.749,70.018,69.893,69.424,71.459,71.852,73.102,73.799,74.808,75.282,75.885,77.458,78.738,80.251,83.23,85.284,87.173,85.946,86.919,85.049,83.588,77.061,75.729,75.98,78.017,78.545,80.318,81.502,82.397,83.348,85.406,86.147,86.464,85.234,85.101,86.019,86.002,85.495,84.389,83.212,83.399,82.047,82.804,82.333,82.204,82.702,83.646,83.981,85.193,84.808,85.293,84.439,83.533,84.357,84.408,85.736,84.707,83.348,82.902,82.388,82.533,82.82,81.735,82.417,81.063,79.95,78.853,79.908,79.023,79.573,78.488,78.301,79.117,79.121,79.502,80.209,79.843,79.883,80.06,80.659,80.748,80.208,80.405,80.992,82.143,82.307,81.95,82.261,81.736,82.143,82.819,83.27,83.368,83.334,83.276,83.7,84.079,85.082,85.426,86.129,86.447,87.022,87.876,88.373,88.787,89.245,89.118,88.781,89.109,89.936,89.727,90.712,91.162,92.473,93.619,94.6,95.916,96.042,94.824,94.638,95.485,95.911,95.946,96.662,97.91,99.166,99.752,99.543,100.269,100,100.314,101.65,104.127,105.2,107.195,108.529,109.043,110.438,115.46,120.919,121.511,118.862,118.733,115.832,115.448,114.362,115.481,116.658,117.746,120.032,121.791,122.541,123.588,125.385,127.302,128.869,130.069,130.475,131.05,131.586,135.008,140.421,144.316,146.761,149.079,151.831,154.125,158.497,161.822,159.655,161.931,163.262,167.282,170.548,172.554,177.054,175.542,175.315,169.961,169.415,169.925,170.554,172.089,172.3
서울 서남권,60.497,61.754,63.618,65.242,66.07,66.8,67.611,68.942,70.605,73.664,76.812,77.532,78.025,78.527,79.171,78.64,77.766,78.62,79.182,79.714,80.037,79.969,80.158,80.397,80.995,81.943,82.939,84.105,85.861,86.758,86.73,87.489,85.231,82.078,77.766,74.341,75.443,78.695,79.801,81.764,83.336,84.873,86.326,88.455,89.064,88.517,87.48,87.023,88.252,88.258,87.942,85.839,85.059,84.215,82.956,82.762,83.248,83.581,84.102,84.845,86.2,86.814,86.549,85.737,85.659,84.772,84.45,84.785,84.392,83.934,83.429,82.279,82.301,82.31,81.785,81.281,80.845,80.22,79.593,78.734,78.543,78.064,77.863,77.211,77.112,77.52,77.879,78.512,78.693,78.238,78.215,78.489,79.19,79.486,79.291,79.267,79.884,80.175,80.514,80.4,80.005,80.061,79.742,80.413,81.254,81.644,81.413,81.396,81.75,82.461,83.424,84.216,84.822,85.432,86.426,87.171,87.829,88.315,88.399,88.076,87.664,88.056,88.154,88.468,88.925,89.909,91.484,92.657,93.581,94.681,94.422,93.842,93.958,93.919,94.614,94.495,95.59,96.969,98.717,98.689,99.08,99.864,100,100.722,101.945,103.175,104.406,106.132,106.748,107.526,108.708,113.672,119.799,120.179,119.462,116.753,116.51,115.643,114.776,114.436,114.962,117.357,118.959,120.57,121.569,123.471,125.619,127.339,128.847,130.718,131.638,130.675,131.277,134.689,140.566,145.03,146.453,147.378,149.813,152.741,157.264,159.656,160.618,161.317,164.762,167.593,170.428,175.084,177.106,178.575,176.516,175.966,173.04,174.592,173.604,175.204,173.7
서울 동남권,62.639,64.365,66.888,68.975,69.483,67.943,68.454,69.047,70.513,75.134,78.757,78.277,77.995,77.558,77.561,75.355,74.207,76.526,76.869,77.357,76.666,76.693,75.746,76.458,77.032,77.626,77.957,78.062,77.052,76.93,74.528,74.224,73.321,70.202,65.645,61.47,66.255,69.563,70.467,73.613,74.947,76.67,78.556,80.546,81.095,80.513,79.22,79.333,81.124,81.098,80.131,77.865,76.237,75.431,75.255,74.902,75.371,75.683,76.93,78.368,79.511,80.176,79.705,78.712,78.136,77.749,77.648,77.677,77.555,76.506,75.433,74.806,75.294,74.698,73.698,72.78,72.523,72.261,71.023,69.578,68.86,69.276,69.066,68.492,69.376,69.762,70.758,71.177,71.15,70.303,70.133,70.474,71.277,71.603,71.495,71.338,72.273,73.056,73.542,73.298,73.342,73.347,73.598,74.583,75.408,75.793,75.53,75.455,75.868,76.732,77.436,78.317,78.839,79.316,80.252,80.723,81.136,81.717,82.274,81.732,81.422,80.997,80.763,81.817,82.86,84.419,85.724,86.952,88.339,89.66,89.254,87.983,87.836,88.054,88.967,89.417,91.558,93.837,96.581,96.625,97.342,98.677,100,102.168,106.333,109.823,110.616,111.234,110.552,110.814,112.102,117.184,122.29,121.47,118.862,116.256,113.985,112.375,111.009,112.447,114.367,117.777,121.084,123.037,124.786,126.919,129.945,132.916,132.559,132.616,131.51,128.628,129.23,135.946,141.852,144.79,146.637,146.988,149.147,152.158,157.153,159.236,158.733,159.559,162.031,166.477,169.11,171.942,176.258,176.32,175.842,174.444,175.905,171.912,171.909,175.875,174.9
부산,49.967,49.841,49.31,48.935,48.438,48.618,48.78,48.808,48.781,48.796,48.988,48.699,49.238,49.182,49.554,49.545,49.419,49.658,49.926,49.976,50.358,50.47,50.443,50.375,50.766,51.051,51.46,51.986,52.214,52.396,52.731,52.928,52.922,52.958,52.468,52.004,52.058,52.481,52.887,53.029,53.366,53.639,54.046,54.893,55.661,56.27,56.754,57.073,57.952,58.483,59.526,59.92,60.453,60.99,61.311,62.16,63.042,64.114,65.082,66.317,68.181,70.359,72.71,74.881,75.542,76.634,77.432,77.951,79.264,78.86,78.528,77.617,78.567,79.058,78.779,78.495,78.251,77.918,77.062,77.166,77.476,77.435,76.945,75.969,77.144,77.021,77.492,77.599,77.539,77.372,78.007,78.037,78.749,79,79.172,78.864,79.332,79.605,80.08,80.277,80.215,79.954,80.282,81.024,81.186,81.652,81.953,82.134,82.41,83.032,83.825,84.423,84.877,85.494,86.319,86.94,87.884,88.687,89.259,89.242,89.179,89.404,89.88,90.123,90.452,90.956,91.704,93.124,95.058,96.948,98.148,98.253,98.284,99.086,99.629,100.04,100.373,100.924,101.254,101.266,100.412,100.146,100,98.924,98.521,98.298,98.016,98.161,97.549,96.896,96.118,96.343,96.145,96.181,95.16,94.031,93.862,94.182,93.084,93.08,92.129,91.65,91.563,91.193,91.228,90.898,93.182,95.067,95.016,94.961,94.811,94.206,94.3,95.342,96.088,96.415,97.011,99.474,104.941,110.298,111.516,112.596,113.26,114.263,116.154,118.246,120.131,121.662,122.728,123.995,123.393,121.963,122.053,122.199,122.502,123.433,122.1
대구,62.882,62.972,62.822,62.734,62.427,62.019,61.372,61.651,61.849,61.673,61.775,61.359,61.536,61.366,61.785,61.05,60.192,59.905,60.089,59.959,59.925,60.108,59.559,59.73,59.989,59.841,60.016,59.92,59.681,59.314,59.354,58.918,58.737,58.26,57.295,56.08,55.422,55.778,55.466,56.038,56.425,56.518,56.987,57.578,58.262,58.471,58.172,58.195,58.389,58.336,58.274,57.814,58.048,57.708,57.724,57.762,58.13,58.101,58.546,58.735,59.441,60.656,61.34,61.946,62.258,62.762,63.366,64.074,64.803,65.362,65.465,65.349,66.11,66.684,66.881,66.861,67.176,67.401,67.432,68.247,68.721,69.168,69.251,69.132,70.303,70.668,71.37,72.214,72.951,73.707,74.887,75.643,76.625,78.076,78.827,79.051,80.392,81.134,81.996,82.065,82.781,82.94,83.905,85.005,86.446,87.782,89.068,89.988,91.426,92.635,94.633,96.25,98.049,99.723,101.785,103.209,104.122,104.594,102.572,100.503,99.084,98.05,97.184,96.017,95.103,94.86,94.9,94.796,95.62,95.817,95.817,95.352,94.853,95.223,95.393,95.23,95.323,95.978,97.199,98.777,99.662,99.979,100,99.845,100.391,101.225,101.638,101.879,101.981,102.257,102.306,102.937,103.962,104.211,103.84,104.082,103.616,103.219,103.493,102.894,103.334,103.407,103.726,104.482,104.933,105.27,105.581,106.303,106.986,107.913,107.818,107.659,108.652,109.232,110.477,111.759,112.639,115.004,119.01,123.955,128.439,130.613,131.837,131.942,132.332,133.72,134.163,134.145,134.032,133.796,131.491,128.805,127.633,126.824,125.068,125.21,124.1
인천,63.185,63.6,64.083,64.728,65.263,65.793,66.003,66.87,67.497,69.257,72.433,75.217,77.844,78.414,79.815,80.48,81.785,82.734,83.982,85.622,87.075,88.791,89.832,90.068,91.819,92.334,94.65,97.39,99.488,102.628,104.249,105.582,106.044,103.026,98.624,95.024,94.715,95.386,95.975,97.166,98.374,99.375,100.68,101.834,102.579,102.552,101.463,100.07,101.485,100.888,100.586,99.063,97.435,97.033,96.456,95.222,95.827,95.66,95.609,95.888,96.051,96.583,96.322,95.51,94.581,93.855,93.305,92.937,92.649,91.921,90.877,90.081,89.702,89.672,89.169,88.6,88.135,87.418,86.288,85.839,85.303,84.932,84.269,83.567,83.708,83.407,83.784,83.751,83.713,83.315,83.41,84.23,84.543,84.838,84.808,84.798,85.337,86.197,86.617,86.786,86.531,86.416,86.882,86.956,87.533,88.172,87.929,88.255,88.864,89.373,90.399,91.25,92.153,92.422,93.436,94.081,94.805,95.085,95.113,94.667,94.904,95.094,95.129,95.212,95.447,95.767,96.393,97.14,98.069,99.176,99.048,98.489,98.352,98.466,98.658,98.64,98.949,99.322,99.985,100.361,100.574,100.672,100,99.887,100,99.917,99.753,99.109,99.065,98.807,98.641,99.203,99.397,99.618,98.793,98.906,98.802,98.634,98.169,98.091,97.541,97.708,97.717,97.94,98.05,98.387,98.487,98.769,99.569,101.567,104.403,105.149,106.812,108.515,109.383,109.102,109.565,109.44,110.432,112.296,115.518,117.817,121.477,124.884,128.926,133.993,139.357,145.525,149.795,152.213,152.368,149.201,148.557,149.768,149.32,149.488,147.8
광주,54.472,54.217,54.13,53.848,53.231,54.001,54.13,54.626,54.371,54.723,54.439,54.181,54.729,54.961,54.987,54.562,54.405,54.196,54.331,54.34,54.816,54.488,54.565,54.267,54.844,55.056,55.4,55.467,55.584,55.467,55.609,56.051,56.111,55.505,55.457,54.531,54.085,54.547,54.441,54.159,54.426,54.503,54.758,54.859,55.154,55.032,54.92,55.446,55.617,55.717,55.839,55.815,56.006,56.002,56.515,56.509,56.633,57.302,57.869,58.747,60.108,62.29,64.68,66.146,67.305,67.695,68.174,69.182,69.641,70.334,70.007,69.516,70.571,71.552,71.633,71.679,72.308,72.165,72.02,71.768,72.646,72.707,72.691,71.721,73.234,73.61,73.929,74.218,74.126,74.092,75.273,75.864,76.066,76.672,76.982,77.454,78.374,78.495,79.235,79.433,79.633,79.341,79.877,80.522,81.302,82.353,83.515,84.629,86.258,88.398,89.861,91.236,92.267,92.741,93.62,94.323,95.168,95.863,96.076,95.382,96.094,95.849,95.773,95.489,95.368,95.506,95.882,96.605,96.941,97.158,97.149,96.835,97.134,97.43,97.079,97.267,97.693,97.927,98.585,99.407,99.616,99.709,100,100.44,100.967,101.325,102.186,103.009,103.386,104.022,104.857,106.931,109.381,111.136,111.785,111.336,112.589,112.221,111.867,111.381,110.624,110.925,111.036,111.16,111.856,112.717,113.334,112.676,113.251,114.206,113.65,113.794,113.865,114.757,115.528,115.881,116.111,117.081,119.865,121.765,123.725,125.404,125.89,126.701,127.247,129.347,131.665,134.396,138.368,143.348,144.696,146.172,147.038,147.707,148.972,149.198,149.9
대전,77.993,77.406,76.546,75.773,75.117,74.775,74.266,74.697,74.777,74.593,75.043,74.646,75.009,74.674,74.296,73.659,73.357,73.612,73.002,73.555,73.838,74.064,73.527,73.749,74.233,74.239,74.205,74.573,74.304,74.838,74.769,74.957,75.017,74.715,73.321,73.392,72.731,73.395,73.297,74.092,74.715,75.702,76.271,77.122,78.193,79.346,79.448,79.901,80.922,81.277,81.743,82.249,81.993,82.097,82.748,83.316,83.822,84.523,86.047,87.561,89.937,91.655,92.589,93.584,94.889,96.872,98.738,99.19,100.022,99.85,98.897,97.688,98.127,97.762,96.844,95.762,94.988,94.361,94.291,93.227,93.932,94.205,93.641,93.421,94.404,94.63,94.671,94.859,94.996,94.885,95.47,95.845,96.145,96.759,96.748,96.821,97.375,97.589,97.38,97.18,96.614,97.063,96.693,96.857,97.11,97.604,97.545,97.286,97.277,97.465,97.389,97.096,97.255,97.294,97.704,98.101,98.422,98.227,97.965,97.674,97.836,97.95,97.925,97.629,97.887,97.811,98.152,99.014,99.149,99.546,99.764,100.181,100.357,100.349,99.681,99.929,100.024,100.442,100.639,100.635,100.574,100.907,100,100.411,100.032,100.008,100.067,100.314,99.638,99.731,99.557,99.745,99.688,100.739,101.093,100.913,100.96,101.065,101.836,101.751,101.71,102.336,103.267,104.415,105.448,106.959,109.313,111.687,113.674,116.173,117.78,118.588,120.605,123.633,125.934,127.892,129.27,131.395,132.969,134.478,137.655,139.57,141.509,143.249,144.224,148.697,149.883,153.006,154.955,156.832,155.167,152.864,150.658,150.883,149.95,149.534,147.1
울산,49.492,49.451,50.254,51.052,52.28,53.611,54.257,55.439,57.796,59.512,61.504,63.039,65.899,66.6,68.483,68.768,66.847,67.158,67.442,67.664,67.742,67.606,66.97,66.731,67.344,67.249,67.96,68.005,67.765,67.507,67.246,66.658,66.379,65.82,64.963,64.408,63.216,63.682,63.51,64.367,65.091,65.516,66.518,67.41,68.514,69.297,68.954,68.912,69.247,69.437,69.682,69.391,69.211,68.937,68.519,68.365,69.334,69.954,70.05,70.639,71.925,72.487,73.944,75.378,76.862,77.481,78.997,79.396,81.009,82.206,82.568,82.86,84.17,85.839,86.098,87.025,87.909,88.696,87.768,87.319,87.64,87.901,86.62,86.388,87.345,87.381,87.181,87.941,87.501,87.137,88.046,88.422,89.217,89.692,89.704,89.788,90.284,90.713,91.243,91.974,91.83,92.496,92.875,92.654,94.178,94.372,94.424,94.928,95.616,96.279,97.115,97.467,98.367,99.444,101.197,102.394,103.671,104.309,104.881,104.377,104.39,104.531,104.62,104.04,104.207,103.712,103.952,103.797,104.271,104.589,104.438,104.486,103.88,103.337,104.038,102.551,102.299,102.618,102.624,102.012,101.855,100.746,100,98.918,98.006,97.787,96.397,96.136,94.248,93.433,91.597,91.209,90.713,90.445,89.508,88.626,87.655,87.048,86.187,86.309,86.034,85.504,85.098,84.923,85.122,85.909,86.638,87.921,88.406,88.87,88.954,88.267,88.564,89.134,90.201,90.717,91.623,92.619,96.773,100.314,102.378,103.197,103.566,104.322,104.493,105.225,106.898,107.652,108.78,109.209,108.845,108.713,108.402,107.944,108.21,108.699,108.3
세종,73.488,76.122,78.756,75.04,76.811,78.209,75.679,75.124,71.661,72.454,72.565,72.103,74.745,74.48,76.042,75.049,73.819,75.194,73.233,75.258,75.513,76.438,74.111,74.767,74.429,76.201,73.256,75.064,72.553,74.353,72.401,73.668,73.632,72.37,69.765,67.287,70.446,69.81,70.339,70.906,72.211,69.487,67.61,70.537,69.526,69.776,67.153,69.292,69.781,69.478,70.141,69.914,70.687,69.068,70.755,70.768,71.527,71.647,72.122,72.96,74.969,78.348,78.089,78.647,78,77.679,81.462,80.797,80.171,81.827,82.522,81.447,80.533,82.33,81.791,81.167,82.288,82.63,83.255,82.912,82.163,84.132,85.577,84.004,85.831,86.478,85.846,87.655,87.232,87.277,85.668,85.327,89.299,87.214,87.376,90.463,90.801,91.757,91.371,91.527,92.135,90.043,89.38,89.471,88.632,88.588,88.906,87.219,86.291,87.898,88.347,86.57,87.866,87.895,87.905,87.953,86.827,88.168,87.894,89.307,86.242,88.527,89.361,89.909,90.09,91.396,91.45,91.736,92.356,93.71,93.779,93.697,93.128,94.25,94.608,94.217,95.642,97.382,100.778,101.488,99.166,101.565,100,99.639,99.922,100.775,101.933,102.58,102.744,101.562,101.096,100.899,102.891,100.81,101.907,102.223,101.951,100.534,100.982,100.11,99.796,99.536,100.004,99.463,99.075,99.877,100.146,102.067,105.124,112.426,116.041,115.568,118.248,124.026,135.614,151.432,159.848,155.918,165.91,171.502,174.256,174.578,174.563,172.017,174.805,174.335,171.971,168.638,170.307,169.265,162.559,157.252,153.033,155.316,153.278,150.87,150.5
경기,71.133,72.328,73.245,74.278,75.483,76.106,76.746,78.115,80.097,85.143,90.876,92.946,94.72,94.648,94.983,94.364,93.389,93.777,94.683,95.669,95.946,96.161,95.913,96.099,96.872,97.393,98.51,99.756,100.896,101.725,101.601,100.956,99.896,96.091,91.856,87.208,87.097,89.211,89.948,91.952,94.15,95.483,96.555,98.156,99.081,98.225,97.219,95.874,96.648,96.432,95.582,93.73,92.476,91.369,90.436,89.735,90.275,90.639,91.055,91.781,93.064,94.186,94.199,93.699,93.355,93.081,92.84,93.184,93.12,92.736,91.607,90.923,90.775,90.435,89.813,88.81,88.428,87.712,86.67,86.289,86.157,85.99,85.503,84.671,84.707,84.699,84.98,85.207,85.435,85.12,85.121,85.564,86.238,86.733,86.492,86.495,87.064,87.607,87.996,87.801,87.788,87.805,87.86,88.458,89.069,89.456,89.723,89.85,90.254,90.861,91.671,92.412,93.047,93.574,94.397,94.96,95.555,95.909,95.89,95.332,95.174,95.213,95.202,95.316,95.599,96.087,96.662,97.425,98.149,98.782,98.749,98.448,98.189,98.224,98.397,98.307,98.712,99.303,100.016,100.427,100.448,100.647,100,99.378,99.571,100.029,100.284,100.138,100.061,99.849,99.931,101.214,102.477,103.005,102.572,101.954,101.471,100.81,100.284,100.028,99.749,99.976,100.225,100.437,100.759,101.096,101.657,102.414,103.682,106.378,108.543,109.014,110.208,112.418,115.601,117.248,118.321,120.435,123.243,126.522,131.423,135.991,139.657,142.284,145.383,149.838,154.467,159.72,163.877,165.944,165.47,163.186,161.354,160.533,161.662,162.505,160.4
강원,60.817,61.159,59.889,60.463,61.296,62.371,61.377,61.582,62.103,61.745,60.926,60.294,60.965,61.222,61.017,61.718,61.606,61.387,61.481,61.57,61.861,61.693,61.007,61.216,61.35,61.786,61.895,61.898,62.69,63.736,64.547,64.81,64.711,63.69,63.604,61.697,62.904,62.465,63.383,63.04,63.507,63.763,63.367,63.817,64.614,64.693,64.622,64.781,65.582,65.454,66.19,66.208,66.467,66.019,66.066,65.855,66.407,66.832,66.777,66.863,67.79,68.913,69.886,70.532,71.33,72.294,73.689,76.24,77.38,77.687,77.009,76.233,78.441,78.814,78.495,78.444,78.239,78.293,78.015,77.896,78.387,78.101,77.972,76.243,77.943,78.82,78.739,78.566,78.767,77.93,79.147,79.083,79.871,79.517,79.512,79.992,80.271,80.943,80.605,80.431,80.55,80.497,81.277,81.137,81.035,81.292,81.661,80.79,82.406,82.574,83.059,83.653,84.056,84.386,85.484,86.124,87.103,87.293,87.714,87.656,88.605,89.68,89.461,90.5,90.132,91.311,92.488,93.779,94.718,95.895,95.613,96.3,96.54,97.447,97.352,97.509,98.606,98.792,99.383,99.542,100.068,100.137,100,99.332,99.49,99.497,99.132,98.185,98.27,97.72,96.541,96.143,96.107,96.615,93.929,92.877,92.413,91.507,91.039,90.35,89.825,89.618,88.305,88.599,87.814,87.76,87.198,87.289,87.392,88.21,88.226,88.82,88.948,89.38,90.119,89.903,91.095,92.016,91.795,93.793,96.392,97.456,99.042,100.143,100.443,102.301,104.24,105.853,108.749,111.022,111.976,112.615,113.558,114.023,115.912,117.145,117.8
충북,66.151,67.249,67.687,68.692,68.159,68.604,68.109,68.785,68.753,68.849,68.824,69.186,69.743,69.702,69.426,70.209,69.662,68.987,68.945,69.083,69.758,69.501,69.529,69.614,70.32,70.938,71.13,71.063,71.378,72.129,72.285,71.884,72.603,72.465,71.667,70.596,71.249,71.255,71.155,70.945,71.432,71.729,72.175,72.587,73.283,73.767,73.763,73.88,74.207,74.558,75.065,75.545,75.672,75.665,76.157,76.488,76.976,77.637,78.087,78.252,80.434,81.398,83.137,84.285,84.837,86.497,87.589,88.865,90.025,91.203,91.408,91.124,93.332,93.728,94.343,94.958,94.854,94.194,94.966,95.412,96.036,95.982,95.331,94.428,96.294,97.312,97.106,97.039,97.13,96.382,97.663,97.828,99.077,98.906,98.996,99.644,100.43,101.322,102.091,102.343,103.365,104.495,104.64,105.452,106.227,107.177,107.16,107.557,107.992,108.16,108.292,108.086,107.081,106.905,107.521,106.951,107.008,107.176,106.664,105.344,105.784,105.004,104.5,103.979,104.112,103.854,103.442,103.072,103.605,102.861,102.486,102.109,102.235,101.958,101.951,100.939,101.192,101.318,100.67,100.307,100.516,99.745,100,99.092,98.048,98.45,97.768,96.848,96.137,95.593,94.626,93.999,93.9,92.874,91.759,90.158,89.941,89.523,88.692,87.951,87.239,86.365,86.831,86.322,85.896,85.574,85.233,85.519,86.367,86.842,86.661,86.764,88.862,91.507,91.804,91.892,91.851,92.518,92.669,94.191,95.644,97.668,99.488,100.468,102.078,104.2,105.44,108.145,110.763,113.013,112.974,113.652,113.66,114.883,114.73,115.392,114.6
충남,77.061,77.876,78.383,78.265,76.115,78.41,78.318,78.21,78.586,77.546,77.692,76.692,78.569,78.278,79.01,79.431,78.466,79.222,79.864,79.737,80.453,80.675,80.752,80.529,80.798,81.469,81.493,81.596,82.332,83.56,84.576,85.863,87.152,86.116,84.93,84.334,84.39,83.718,84.525,84.241,84.07,83.882,84.104,85.063,84.889,85.282,84.881,84.471,85.458,85.754,85.603,85.589,85.686,85.209,85.566,85.402,85.618,86.31,86.528,86.548,87.594,88.525,88.989,89.637,90.759,90.872,91.8,92.937,93.44,94.484,94.497,94.316,94.863,95.703,96.039,95.969,96.633,96.564,96.822,97.563,97.459,97.911,98.093,97.139,98.869,99.261,99.673,99.456,99.426,99.303,99.916,100.832,100.882,101.441,101.261,101.477,102.801,102.918,103.811,103.84,103.977,104.558,104.588,105.445,105.416,106.137,105.752,106.458,105.73,106.513,106.654,106.69,106.575,106.446,107.078,107.519,107.798,107.754,107.641,107.222,106.196,106.196,105.577,105.179,104.174,104.117,103.726,103.989,103.665,104.06,103.886,103.501,102.802,102.531,102.237,101.354,101.351,101.315,101.252,101.003,100.994,100.5,100,99.323,99.125,99.412,98.176,97.657,97.095,96.369,95.438,95.339,94.929,94.684,94.232,93.738,93.377,93.274,92.643,92.134,92.156,91.653,91.517,91.682,91.529,91.896,91.525,92.719,92.95,92.893,93.127,93.267,93.643,94.481,95.256,95.801,95.963,96.498,97.545,99.15,100.81,101.674,103.103,104.129,105.234,106.451,107.902,110.71,113.023,115.184,115.171,115.67,116.006,115.394,115.869,116.316,116.2
전북,58.088,58.402,58.827,59.023,59.29,60.897,60.827,61.634,61.72,62.562,62.88,63.005,64.07,64.48,64.395,64.167,64.309,64.831,64.847,64.769,65.331,65.247,65.744,66.017,66.416,66.755,67.65,68.53,69.032,70.143,71.382,71.736,70.797,74.121,71.181,71.242,70.335,71.027,71.336,72.009,72.282,71.893,73.194,73.938,74.332,75.013,75.505,75.373,76.697,77.61,78.432,79.107,79.455,79.89,80.656,81.326,81.647,83.322,83.342,84.62,86.118,87.265,89.289,91.367,92.579,93.812,94.252,95.942,98.354,99.269,98.618,97.93,100.571,101.641,100.162,100.061,99.738,99.505,98.113,98.408,97.18,97.35,95.469,93.558,96.02,95.564,95.546,95.62,95.303,94.598,95.8,95.834,95.862,96.314,95.669,95.365,95.769,95.964,95.935,96.011,95.507,95.44,94.718,96.09,96.047,96.451,95.959,95.715,96.478,96.876,96.483,97.121,96.699,97.218,97.542,98.108,98.27,98.279,97.839,97.655,97.213,97.73,97.881,97.658,97.02,97.444,97.375,97.567,98.309,98.792,99.181,98.242,98.917,99.287,99.141,99.045,99.001,99.095,99.416,99.701,100.588,100.538,100,99.794,99.818,99.467,98.528,98.954,98.145,97.997,97.624,97.521,97.823,97.546,96.453,95.892,95.483,95.66,94.499,93.782,93.305,92.893,92.756,92.676,92.778,92.608,92.501,92.533,92.552,94.053,93.737,93.189,94.063,94.782,95.319,95.101,95.527,95.557,97.198,99.136,100.666,101.907,103.15,104.12,105.289,107.073,109.214,111.626,113.584,115.264,115.804,116.29,116.064,116.942,117.959,120.012,119.9
전남,50.946,50.55,50.868,51.158,52.56,53.568,53.616,54.468,54.481,54.658,55.733,55.653,56.918,57.09,57.683,58.08,57.576,58.513,59.129,58.94,59.292,60.166,61.472,61.559,63.036,64.29,64.772,65.292,67.362,67.572,67.301,68.497,68.693,68.371,68.175,66.888,67.154,68.276,68.116,68.425,68.335,69.408,70.307,71.396,71.43,72.107,72.953,72.629,73.357,73.602,74.358,74.867,75.296,75.44,76.449,76.769,77.585,77.815,78.471,79.509,81.199,81.891,83.364,84.419,85.485,85.71,86.455,87.378,88.545,88.869,89.026,88.037,90.424,89.694,90.581,91.34,91.572,90.325,90.834,90.641,91.261,90.986,90.626,89.041,90.925,89.494,89.997,89.556,89.428,88.295,89.304,89.626,89.77,90.113,89.214,88.036,88.734,88.85,89.078,87.83,87.291,87.612,86.937,87.72,87.687,87.1,87.118,87.721,87.694,88.066,88.327,88.87,88.761,88.6,89.555,89.92,90.404,90.413,90.821,91.4,90.969,91.603,91.187,91.847,91.348,91.717,92.246,93.088,94.119,93.647,94.762,94.063,93.276,94.818,95.619,96.373,96.937,97.067,97.868,98.518,98.819,99.916,100,99.309,100.204,99.905,100.345,100.51,100.785,101.154,100.427,101.23,101.704,101.821,102.22,101.269,101.973,102.194,102.144,101.757,102.145,102.088,101.837,101.346,102.094,101.866,101.749,101.513,102.153,102.481,102.87,102.982,103.705,104.087,105.603,105.84,106.901,107.044,107.473,107.827,108.565,109.348,109.978,110.285,110.335,111.196,111.056,112.509,114.247,115.378,115.84,116.253,116.886,116.026,116.316,116.906,115.4
경북,66.892,66.507,66.629,66.438,66.459,68.747,68.788,70.414,70.828,71.349,71.654,71.655,73.696,73.891,74.616,75.229,74.886,74.524,74.037,74.397,74.925,74.093,73.85,72.562,73.958,74.419,74.784,74.738,74.383,74.426,74.801,75.118,74.63,74.479,74.064,72.232,72.383,73.012,73.134,72.993,73.302,73.301,73.537,73.62,74.722,75.249,75.246,75.512,75.694,76.006,76.005,75.464,75.258,75.44,75.512,75.691,75.965,76.979,76.555,76.709,77.249,78.291,79.05,79.733,80.018,80.504,81.639,81.943,82.91,83.52,83.901,83.823,84.863,85.674,86.022,86.449,87.107,87.393,88.093,89.011,89.205,89.914,90.258,89.36,91.428,91.949,92.978,93.858,94.638,94.921,96.323,97.612,98.232,99.087,99.058,99.41,100.569,101.342,102.137,102.606,102.695,102.579,102.987,104.193,104.841,105.977,106.067,106.5,107.429,108.32,109.32,110.114,110.835,111.05,111.773,112.666,112.59,112.708,112.276,109.636,108.897,109.119,107.45,107.653,106.974,106.137,105.834,105.622,105.906,105.21,104.961,104.546,103.488,103.639,102.506,102.311,101.495,101.237,100.885,100.797,101.412,100.395,100,99.077,98.308,97.88,97.666,96.414,95.148,95.035,94.436,93.249,93.289,92.358,92.222,90.839,89.946,89.904,88.413,88.435,87.715,87.561,87.353,87.045,87.293,86.942,86.749,86.967,86.685,86.611,85.764,86.294,86.779,87.957,88.075,88.55,88.083,88.802,90.034,93.116,94.296,95.962,96.46,97.271,97.494,98.763,99.698,101.227,103.039,103.295,103.625,103.476,103.208,103.97,103.369,104.364,104.2
경남,63.584,63.437,63.889,63.495,63.461,63.497,63.581,64.785,64.939,65.188,66.143,66.102,67.033,66.543,67.091,67.057,67.238,67.227,67.255,67.511,68.183,68.554,69.001,68.705,69.256,69.664,69.689,69.888,70.256,70.521,71.075,71.269,71.679,71.888,71.401,70.553,70.252,70.638,70.908,71.22,71.732,71.82,72.288,72.899,73.457,74.077,74.302,74.248,75.215,75.29,76.03,76.294,77.08,77.654,78.498,78.836,80.517,81.38,82.548,84.371,86.942,89.766,93.301,95.217,96.068,96.739,97.761,98.828,99.742,99.339,99.501,97.5,99.38,99.763,99.372,99.155,98.811,97.654,97.456,98.191,97.479,97.435,96.661,95.581,96.6,96.671,97.243,97.942,97.961,97.705,98.819,99.097,99.394,99.793,99.703,99.67,100.318,100.812,101.829,102.242,101.936,102.069,102.402,103.01,103.692,104.264,104.914,104.632,105.142,105.573,106.423,106.864,107.44,107.701,108.318,108.708,109.119,109.23,109.111,108.425,107.83,108.451,108.041,107.647,106.785,106.576,106.976,106.88,107.295,107.114,106.972,106.348,105.678,105.556,105.654,104.818,104.031,103.382,103.001,102.582,101.725,101.035,100,99.235,98.008,97.75,96.489,95.958,94.659,93.844,93.413,92.353,91.911,91.59,91.025,90.012,89.194,88.553,88.088,86.845,86.653,85.834,85.568,85.101,84.981,84.576,85.102,85.721,86.013,85.879,85.695,85.386,85.5,86.232,86.754,86.619,86.334,86.797,89.001,91.709,92.836,93.363,93.791,94.238,95.25,95.811,97.078,98.648,100.335,101.874,102.419,101.699,102.508,102.826,103.669,104.034,103.4
제주,39.117,38.05,36.32,36.406,37.031,37.796,39.038,39.491,39.025,39.036,40.463,39.215,39.577,38.892,40.148,39.111,39.781,39.385,39.636,39.772,40.413,41.369,40.874,41.143,41.125,40.887,41.954,42.06,41.898,42.161,41.723,41.266,41.849,41.208,42.775,43.001,42.6,42.942,42.167,42.621,42.49,43.147,44.121,44.318,44.926,45.733,46.365,45.908,47.224,47.163,47.666,48.201,48.936,49.897,49.744,50.585,50.252,50.992,51.768,51.699,52.424,51.086,54.222,54.394,52.37,55.398,56.108,56.275,56.87,57.299,57.613,56.84,57.664,57.538,59.537,57.589,59.534,57.897,57.847,58.988,60.809,60.55,59.481,57.538,58.77,58.167,56.847,57.474,58.499,57.094,58.974,58.367,59.267,59.752,60.172,59.682,61.314,60.468,61.736,61.347,61.366,62.247,62.002,63.497,65.434,65.701,66.619,68.589,68.561,69.72,71.89,74.003,74.83,76.16,77.78,81.611,80.484,87.953,88.168,90.496,91.186,95.203,93.425,96.815,95.654,97.1,99.564,98.679,100.108,102.292,102.415,100.98,100.535,102.804,100.734,97.94,98.157,101.496,100.288,97.816,100.107,99.216,100,99.474,98.491,98.706,99.041,97.234,96.322,98.955,97.606,98.381,98.099,96.611,96.06,96.916,96.461,95.813,93.602,94.683,92.435,92.606,91.99,92.367,90.786,93.125,93.234,92.579,91.827,92.637,89.843,90.799,91.256,92.161,92.114,92.689,92.335,92.175,93.426,94.668,94.893,97.087,98.402,98.488,101.026,101.784,105.698,109.14,110.001,109.04,110.478,109.599,110.71,110.828,112.253,114.674,113.7
